{"fecha": "2025-05-18 00:18:53.347728", "datos": {"25.59.177.33": 9.64022574168004, "25.59.176.106": 0.0}}