{"fecha": "2025-05-18 16:51:51.810777", "datos": {"25.59.177.33": 9.333589094600663, "25.8.106.97": 4.815627035248604}}