{"fecha": "2025-05-18 12:48:37.498592", "datos": {"25.59.177.33": 9.422857546279497, "25.8.106.97": 6.283575375398252}}