{"fecha": "2025-05-17 23:08:15.404120", "datos": {"25.59.177.33": 4118.523173605656, "25.59.176.106": 288.61470338542046}}