{"fecha": "2025-05-18 16:04:54.430796", "datos": {"25.59.177.33": 6.563482014414945, "25.8.106.97": 1.7109159267992153}}