{
  "test_file": "10MB.bin",
  "test_size_mb": 10,
  "port": 8080,
  "tests": [
    {
      "timestamp": "2025-05-18 20:58:04",
      "results": {
        "25.56.132.192": 0.0,
        "25.8.106.97": 5.818025350443778,
        "25.59.177.33": 8.577297172884709
      }
    }
  ]
}